{"cameraMode":{"drawMode":0,"name":"Shaded","section":"Shading Mode"},"sceneLighting":false,"audioPlay":false,"sceneViewState":{"m_AlwaysRefresh":false,"showFog":true,"showSkybox":false,"showFlares":true,"showImageEffects":true,"showParticleSystems":true,"showVisualEffectGraphs":true,"m_FxEnabled":true},"in2DMode":false,"pivot":{"x":0.40000009536743166,"y":8.899999618530274,"z":-45.04258346557617},"rotation":{"x":-0.37313899397850039,"y":-0.12001598626375199,"z":0.048746075481176379,"w":-0.9186888933181763},"size":18.42435073852539,"orthographic":false}