{"cameraMode":{"drawMode":0,"name":"Shaded","section":"Shading Mode"},"sceneLighting":true,"audioPlay":false,"sceneViewState":{"m_AlwaysRefresh":false,"showFog":true,"showSkybox":false,"showFlares":true,"showImageEffects":true,"showParticleSystems":true,"showVisualEffectGraphs":true,"m_FxEnabled":true},"in2DMode":false,"pivot":{"x":13.99727725982666,"y":-3.7474284172058107,"z":5.4726338386535648},"rotation":{"x":-0.0465063750743866,"y":0.11391649395227432,"z":-0.005188974551856518,"w":-0.9924461245536804},"size":637.7156372070313,"orthographic":false}