{"cameraMode":{"drawMode":0,"name":"Shaded","section":"Shading Mode"},"sceneLighting":true,"audioPlay":false,"sceneViewState":{"m_AlwaysRefresh":false,"showFog":true,"showSkybox":false,"showFlares":true,"showImageEffects":true,"showParticleSystems":true,"showVisualEffectGraphs":true,"m_FxEnabled":true},"in2DMode":false,"pivot":{"x":9.540078163146973,"y":-0.04894457757472992,"z":-26.78837013244629},"rotation":{"x":-0.17475998401641847,"y":-0.04105601832270622,"z":0.007411514408886433,"w":-0.9837915897369385},"size":9.475288391113282,"orthographic":true}