{"cameraMode":{"drawMode":0,"name":"Shaded","section":"Shading Mode"},"sceneLighting":true,"audioPlay":false,"sceneViewState":{"m_AlwaysRefresh":false,"showFog":true,"showSkybox":false,"showFlares":true,"showImageEffects":true,"showParticleSystems":true,"showVisualEffectGraphs":true,"m_FxEnabled":true},"in2DMode":false,"pivot":{"x":19.495975494384767,"y":6.235310077667236,"z":-26.792682647705079},"rotation":{"x":-0.026639385148882867,"y":0.6670932769775391,"z":0.023744605481624605,"w":0.7441974878311157},"size":6.890963554382324,"orthographic":false}